,{,>,c,==,J,H,U,Y,4,F,3,9,L,R,<,G,m,!=,x,},o,X,W,5,g,if,(,8,1,s,2,return,r,Q,V,int,E,B,j,=,p,u,;,N,O,v,n,M,z,main,D,e,q,h,b,w,f,7,y,6,),bool,void,k,t,S,0,l,P,C,for,K,_,Z,a,d,T,A,I,i,~
<program>,,,,,,,,,,,,,,,,,,,,,,,,,,,,,,,,,,,,"['’', '}', '‘', ' ', ' ', ' ', '>', 't', 'n', 'e', 'm', 'e', 't', 'a', 't', 's', '<', ' ', ' ', ' ', '’', '{', '‘', ' ', ' ', ' ', '’', ')', '‘', ' ', ' ', ' ', '’', '(', '‘', ' ', ' ', ' ', '’', 'n', 'i', 'a', 'm', '‘', ' ', ' ', ' ', '>', 'e', 'p', 'y', 't', '<']",,,,,,,,,,,,,,,,,,,,,,,,,,"['’', '}', '‘', ' ', ' ', ' ', '>', 't', 'n', 'e', 'm', 'e', 't', 'a', 't', 's', '<', ' ', ' ', ' ', '’', '{', '‘', ' ', ' ', ' ', '’', ')', '‘', ' ', ' ', ' ', '’', '(', '‘', ' ', ' ', ' ', '’', 'n', 'i', 'a', 'm', '‘', ' ', ' ', ' ', '>', 'e', 'p', 'y', 't', '<']","['’', '}', '‘', ' ', ' ', ' ', '>', 't', 'n', 'e', 'm', 'e', 't', 'a', 't', 's', '<', ' ', ' ', ' ', '’', '{', '‘', ' ', ' ', ' ', '’', ')', '‘', ' ', ' ', ' ', '’', '(', '‘', ' ', ' ', ' ', '’', 'n', 'i', 'a', 'm', '‘', ' ', ' ', ' ', '>', 'e', 'p', 'y', 't', '<']",,,,,,,,,,,,,,,,,,
<type>,,,,,,,,,,,,,,,,,,,,,,,,,,,,,,,,,,,,"['’', 'd', 'i', 'o', 'v', '‘']",,,,,,,,,,,,,,,,,,,,,,,,,,"['’', 'd', 'i', 'o', 'v', '‘']","['’', 'd', 'i', 'o', 'v', '‘']",,,,,,,,,,,,,,,,,,
<statement>,"['>', 'n', 'r', 'u', 't', 'e', 'r', '<']",,,,,,,,,,,,,,,,,,,"['>', 'n', 'r', 'u', 't', 'e', 'r', '<']",,,,,,"['>', 'n', 'r', 'u', 't', 'e', 'r', '<']",,,,,,"['>', 'n', 'r', 'u', 't', 'e', 'r', '<']",,,,"['>', 'n', 'r', 'u', 't', 'e', 'r', '<']",,,,,,,"['>', 'n', 'r', 'u', 't', 'e', 'r', '<']",,,,,,,,,,,,,,,,,,,"['>', 'n', 'r', 'u', 't', 'e', 'r', '<']","['>', 'n', 'r', 'u', 't', 'e', 'r', '<']",,,,,,,,"['>', 'n', 'r', 'u', 't', 'e', 'r', '<']",,,,,,,,,,"['>', 'n', 'r', 'u', 't', 'e', 'r', '<']"
<declaration>,,,,,,,,,,,,,,,,,,,,,,,,,,,,,,,,,,,,"['>', 'n', 'g', 'i', 's', 's', 'a', '<', ' ', ' ', ' ', '>', 'r', 'e', 'i', 'f', 'i', 't', 'n', 'e', 'd', 'i', '<', ' ', ' ', ' ', '>', 'e', 'p', 'y', 't', '<']",,,,,,,,,,,,,,,,,,,,,,,,,,"['>', 'n', 'g', 'i', 's', 's', 'a', '<', ' ', ' ', ' ', '>', 'r', 'e', 'i', 'f', 'i', 't', 'n', 'e', 'd', 'i', '<', ' ', ' ', ' ', '>', 'e', 'p', 'y', 't', '<']","['>', 'n', 'g', 'i', 's', 's', 'a', '<', ' ', ' ', ' ', '>', 'r', 'e', 'i', 'f', 'i', 't', 'n', 'e', 'd', 'i', '<', ' ', ' ', ' ', '>', 'e', 'p', 'y', 't', '<']",,,,,,,,,,,,,,,,,,
<identifier>,,,"['>', 'd', 'n', 'e', '_', 'd', 'i', '<', '>', 'r', 'e', 't', 'c', 'a', 'r', 'a', 'h', 'c', '<']",,"['>', 'd', 'n', 'e', '_', 'd', 'i', '<', '>', 'r', 'e', 't', 'c', 'a', 'r', 'a', 'h', 'c', '<']","['>', 'd', 'n', 'e', '_', 'd', 'i', '<', '>', 'r', 'e', 't', 'c', 'a', 'r', 'a', 'h', 'c', '<']","['>', 'd', 'n', 'e', '_', 'd', 'i', '<', '>', 'r', 'e', 't', 'c', 'a', 'r', 'a', 'h', 'c', '<']","['>', 'd', 'n', 'e', '_', 'd', 'i', '<', '>', 'r', 'e', 't', 'c', 'a', 'r', 'a', 'h', 'c', '<']",,"['>', 'd', 'n', 'e', '_', 'd', 'i', '<', '>', 'r', 'e', 't', 'c', 'a', 'r', 'a', 'h', 'c', '<']",,,"['>', 'd', 'n', 'e', '_', 'd', 'i', '<', '>', 'r', 'e', 't', 'c', 'a', 'r', 'a', 'h', 'c', '<']","['>', 'd', 'n', 'e', '_', 'd', 'i', '<', '>', 'r', 'e', 't', 'c', 'a', 'r', 'a', 'h', 'c', '<']",,"['>', 'd', 'n', 'e', '_', 'd', 'i', '<', '>', 'r', 'e', 't', 'c', 'a', 'r', 'a', 'h', 'c', '<']","['>', 'd', 'n', 'e', '_', 'd', 'i', '<', '>', 'r', 'e', 't', 'c', 'a', 'r', 'a', 'h', 'c', '<']",,"['>', 'd', 'n', 'e', '_', 'd', 'i', '<', '>', 'r', 'e', 't', 'c', 'a', 'r', 'a', 'h', 'c', '<']",,"['>', 'd', 'n', 'e', '_', 'd', 'i', '<', '>', 'r', 'e', 't', 'c', 'a', 'r', 'a', 'h', 'c', '<']","['>', 'd', 'n', 'e', '_', 'd', 'i', '<', '>', 'r', 'e', 't', 'c', 'a', 'r', 'a', 'h', 'c', '<']","['>', 'd', 'n', 'e', '_', 'd', 'i', '<', '>', 'r', 'e', 't', 'c', 'a', 'r', 'a', 'h', 'c', '<']",,"['>', 'd', 'n', 'e', '_', 'd', 'i', '<', '>', 'r', 'e', 't', 'c', 'a', 'r', 'a', 'h', 'c', '<']",,,,,"['>', 'd', 'n', 'e', '_', 'd', 'i', '<', '>', 'r', 'e', 't', 'c', 'a', 'r', 'a', 'h', 'c', '<']",,,"['>', 'd', 'n', 'e', '_', 'd', 'i', '<', '>', 'r', 'e', 't', 'c', 'a', 'r', 'a', 'h', 'c', '<']","['>', 'd', 'n', 'e', '_', 'd', 'i', '<', '>', 'r', 'e', 't', 'c', 'a', 'r', 'a', 'h', 'c', '<']","['>', 'd', 'n', 'e', '_', 'd', 'i', '<', '>', 'r', 'e', 't', 'c', 'a', 'r', 'a', 'h', 'c', '<']",,"['>', 'd', 'n', 'e', '_', 'd', 'i', '<', '>', 'r', 'e', 't', 'c', 'a', 'r', 'a', 'h', 'c', '<']","['>', 'd', 'n', 'e', '_', 'd', 'i', '<', '>', 'r', 'e', 't', 'c', 'a', 'r', 'a', 'h', 'c', '<']","['>', 'd', 'n', 'e', '_', 'd', 'i', '<', '>', 'r', 'e', 't', 'c', 'a', 'r', 'a', 'h', 'c', '<']",,"['>', 'd', 'n', 'e', '_', 'd', 'i', '<', '>', 'r', 'e', 't', 'c', 'a', 'r', 'a', 'h', 'c', '<']","['>', 'd', 'n', 'e', '_', 'd', 'i', '<', '>', 'r', 'e', 't', 'c', 'a', 'r', 'a', 'h', 'c', '<']",,"['>', 'd', 'n', 'e', '_', 'd', 'i', '<', '>', 'r', 'e', 't', 'c', 'a', 'r', 'a', 'h', 'c', '<']","['>', 'd', 'n', 'e', '_', 'd', 'i', '<', '>', 'r', 'e', 't', 'c', 'a', 'r', 'a', 'h', 'c', '<']","['>', 'd', 'n', 'e', '_', 'd', 'i', '<', '>', 'r', 'e', 't', 'c', 'a', 'r', 'a', 'h', 'c', '<']","['>', 'd', 'n', 'e', '_', 'd', 'i', '<', '>', 'r', 'e', 't', 'c', 'a', 'r', 'a', 'h', 'c', '<']","['>', 'd', 'n', 'e', '_', 'd', 'i', '<', '>', 'r', 'e', 't', 'c', 'a', 'r', 'a', 'h', 'c', '<']","['>', 'd', 'n', 'e', '_', 'd', 'i', '<', '>', 'r', 'e', 't', 'c', 'a', 'r', 'a', 'h', 'c', '<']",,"['>', 'd', 'n', 'e', '_', 'd', 'i', '<', '>', 'r', 'e', 't', 'c', 'a', 'r', 'a', 'h', 'c', '<']","['>', 'd', 'n', 'e', '_', 'd', 'i', '<', '>', 'r', 'e', 't', 'c', 'a', 'r', 'a', 'h', 'c', '<']","['>', 'd', 'n', 'e', '_', 'd', 'i', '<', '>', 'r', 'e', 't', 'c', 'a', 'r', 'a', 'h', 'c', '<']","['>', 'd', 'n', 'e', '_', 'd', 'i', '<', '>', 'r', 'e', 't', 'c', 'a', 'r', 'a', 'h', 'c', '<']","['>', 'd', 'n', 'e', '_', 'd', 'i', '<', '>', 'r', 'e', 't', 'c', 'a', 'r', 'a', 'h', 'c', '<']","['>', 'd', 'n', 'e', '_', 'd', 'i', '<', '>', 'r', 'e', 't', 'c', 'a', 'r', 'a', 'h', 'c', '<']","['>', 'd', 'n', 'e', '_', 'd', 'i', '<', '>', 'r', 'e', 't', 'c', 'a', 'r', 'a', 'h', 'c', '<']",,"['>', 'd', 'n', 'e', '_', 'd', 'i', '<', '>', 'r', 'e', 't', 'c', 'a', 'r', 'a', 'h', 'c', '<']",,,,,"['>', 'd', 'n', 'e', '_', 'd', 'i', '<', '>', 'r', 'e', 't', 'c', 'a', 'r', 'a', 'h', 'c', '<']","['>', 'd', 'n', 'e', '_', 'd', 'i', '<', '>', 'r', 'e', 't', 'c', 'a', 'r', 'a', 'h', 'c', '<']","['>', 'd', 'n', 'e', '_', 'd', 'i', '<', '>', 'r', 'e', 't', 'c', 'a', 'r', 'a', 'h', 'c', '<']",,"['>', 'd', 'n', 'e', '_', 'd', 'i', '<', '>', 'r', 'e', 't', 'c', 'a', 'r', 'a', 'h', 'c', '<']","['>', 'd', 'n', 'e', '_', 'd', 'i', '<', '>', 'r', 'e', 't', 'c', 'a', 'r', 'a', 'h', 'c', '<']","['>', 'd', 'n', 'e', '_', 'd', 'i', '<', '>', 'r', 'e', 't', 'c', 'a', 'r', 'a', 'h', 'c', '<']",,"['>', 'd', 'n', 'e', '_', 'd', 'i', '<', '>', 'r', 'e', 't', 'c', 'a', 'r', 'a', 'h', 'c', '<']","['>', 'd', 'n', 'e', '_', 'd', 'i', '<', '>', 'r', 'e', 't', 'c', 'a', 'r', 'a', 'h', 'c', '<']","['>', 'd', 'n', 'e', '_', 'd', 'i', '<', '>', 'r', 'e', 't', 'c', 'a', 'r', 'a', 'h', 'c', '<']","['>', 'd', 'n', 'e', '_', 'd', 'i', '<', '>', 'r', 'e', 't', 'c', 'a', 'r', 'a', 'h', 'c', '<']","['>', 'd', 'n', 'e', '_', 'd', 'i', '<', '>', 'r', 'e', 't', 'c', 'a', 'r', 'a', 'h', 'c', '<']","['>', 'd', 'n', 'e', '_', 'd', 'i', '<', '>', 'r', 'e', 't', 'c', 'a', 'r', 'a', 'h', 'c', '<']","['>', 'd', 'n', 'e', '_', 'd', 'i', '<', '>', 'r', 'e', 't', 'c', 'a', 'r', 'a', 'h', 'c', '<']","['>', 'd', 'n', 'e', '_', 'd', 'i', '<', '>', 'r', 'e', 't', 'c', 'a', 'r', 'a', 'h', 'c', '<']","['>', 'd', 'n', 'e', '_', 'd', 'i', '<', '>', 'r', 'e', 't', 'c', 'a', 'r', 'a', 'h', 'c', '<']",
<character>,,,"['’', '_', '‘']",,"['’', '_', '‘']","['’', '_', '‘']","['’', '_', '‘']","['’', '_', '‘']",,"['’', '_', '‘']",,,"['’', '_', '‘']","['’', '_', '‘']",,"['’', '_', '‘']","['’', '_', '‘']",,"['’', '_', '‘']",,"['’', '_', '‘']","['’', '_', '‘']","['’', '_', '‘']",,"['’', '_', '‘']",,,,,"['’', '_', '‘']",,,"['’', '_', '‘']","['’', '_', '‘']","['’', '_', '‘']",,"['’', '_', '‘']","['’', '_', '‘']","['’', '_', '‘']",,"['’', '_', '‘']","['’', '_', '‘']",,"['’', '_', '‘']","['’', '_', '‘']","['’', '_', '‘']","['’', '_', '‘']","['’', '_', '‘']","['’', '_', '‘']",,"['’', '_', '‘']","['’', '_', '‘']","['’', '_', '‘']","['’', '_', '‘']","['’', '_', '‘']","['’', '_', '‘']","['’', '_', '‘']",,"['’', '_', '‘']",,,,,"['’', '_', '‘']","['’', '_', '‘']","['’', '_', '‘']",,"['’', '_', '‘']","['’', '_', '‘']","['’', '_', '‘']",,"['’', '_', '‘']","['’', '_', '‘']","['’', '_', '‘']","['’', '_', '‘']","['’', '_', '‘']","['’', '_', '‘']","['’', '_', '‘']","['’', '_', '‘']","['’', '_', '‘']",
<id_end>,,,"['>', 'd', 'n', 'e', '_', 'd', 'i', '<', '>', 'r', 'e', 't', 'c', 'a', 'r', 'a', 'h', 'c', '<']",,"['>', 'd', 'n', 'e', '_', 'd', 'i', '<', '>', 'r', 'e', 't', 'c', 'a', 'r', 'a', 'h', 'c', '<']","['>', 'd', 'n', 'e', '_', 'd', 'i', '<', '>', 'r', 'e', 't', 'c', 'a', 'r', 'a', 'h', 'c', '<']","['>', 'd', 'n', 'e', '_', 'd', 'i', '<', '>', 'r', 'e', 't', 'c', 'a', 'r', 'a', 'h', 'c', '<']","['>', 'd', 'n', 'e', '_', 'd', 'i', '<', '>', 'r', 'e', 't', 'c', 'a', 'r', 'a', 'h', 'c', '<']",,"['>', 'd', 'n', 'e', '_', 'd', 'i', '<', '>', 'r', 'e', 't', 'c', 'a', 'r', 'a', 'h', 'c', '<']",,,"['>', 'd', 'n', 'e', '_', 'd', 'i', '<', '>', 'r', 'e', 't', 'c', 'a', 'r', 'a', 'h', 'c', '<']","['>', 'd', 'n', 'e', '_', 'd', 'i', '<', '>', 'r', 'e', 't', 'c', 'a', 'r', 'a', 'h', 'c', '<']",,"['>', 'd', 'n', 'e', '_', 'd', 'i', '<', '>', 'r', 'e', 't', 'c', 'a', 'r', 'a', 'h', 'c', '<']","['>', 'd', 'n', 'e', '_', 'd', 'i', '<', '>', 'r', 'e', 't', 'c', 'a', 'r', 'a', 'h', 'c', '<']",,"['>', 'd', 'n', 'e', '_', 'd', 'i', '<', '>', 'r', 'e', 't', 'c', 'a', 'r', 'a', 'h', 'c', '<']",,"['>', 'd', 'n', 'e', '_', 'd', 'i', '<', '>', 'r', 'e', 't', 'c', 'a', 'r', 'a', 'h', 'c', '<']","['>', 'd', 'n', 'e', '_', 'd', 'i', '<', '>', 'r', 'e', 't', 'c', 'a', 'r', 'a', 'h', 'c', '<']","['>', 'd', 'n', 'e', '_', 'd', 'i', '<', '>', 'r', 'e', 't', 'c', 'a', 'r', 'a', 'h', 'c', '<']",,"['>', 'd', 'n', 'e', '_', 'd', 'i', '<', '>', 'r', 'e', 't', 'c', 'a', 'r', 'a', 'h', 'c', '<']",,,,,"['>', 'd', 'n', 'e', '_', 'd', 'i', '<', '>', 'r', 'e', 't', 'c', 'a', 'r', 'a', 'h', 'c', '<']",,,"['>', 'd', 'n', 'e', '_', 'd', 'i', '<', '>', 'r', 'e', 't', 'c', 'a', 'r', 'a', 'h', 'c', '<']","['>', 'd', 'n', 'e', '_', 'd', 'i', '<', '>', 'r', 'e', 't', 'c', 'a', 'r', 'a', 'h', 'c', '<']","['>', 'd', 'n', 'e', '_', 'd', 'i', '<', '>', 'r', 'e', 't', 'c', 'a', 'r', 'a', 'h', 'c', '<']",,"['>', 'd', 'n', 'e', '_', 'd', 'i', '<', '>', 'r', 'e', 't', 'c', 'a', 'r', 'a', 'h', 'c', '<']","['>', 'd', 'n', 'e', '_', 'd', 'i', '<', '>', 'r', 'e', 't', 'c', 'a', 'r', 'a', 'h', 'c', '<']","['>', 'd', 'n', 'e', '_', 'd', 'i', '<', '>', 'r', 'e', 't', 'c', 'a', 'r', 'a', 'h', 'c', '<']",,"['>', 'd', 'n', 'e', '_', 'd', 'i', '<', '>', 'r', 'e', 't', 'c', 'a', 'r', 'a', 'h', 'c', '<']","['>', 'd', 'n', 'e', '_', 'd', 'i', '<', '>', 'r', 'e', 't', 'c', 'a', 'r', 'a', 'h', 'c', '<']",,"['>', 'd', 'n', 'e', '_', 'd', 'i', '<', '>', 'r', 'e', 't', 'c', 'a', 'r', 'a', 'h', 'c', '<']","['>', 'd', 'n', 'e', '_', 'd', 'i', '<', '>', 'r', 'e', 't', 'c', 'a', 'r', 'a', 'h', 'c', '<']","['>', 'd', 'n', 'e', '_', 'd', 'i', '<', '>', 'r', 'e', 't', 'c', 'a', 'r', 'a', 'h', 'c', '<']","['>', 'd', 'n', 'e', '_', 'd', 'i', '<', '>', 'r', 'e', 't', 'c', 'a', 'r', 'a', 'h', 'c', '<']","['>', 'd', 'n', 'e', '_', 'd', 'i', '<', '>', 'r', 'e', 't', 'c', 'a', 'r', 'a', 'h', 'c', '<']","['>', 'd', 'n', 'e', '_', 'd', 'i', '<', '>', 'r', 'e', 't', 'c', 'a', 'r', 'a', 'h', 'c', '<']",,"['>', 'd', 'n', 'e', '_', 'd', 'i', '<', '>', 'r', 'e', 't', 'c', 'a', 'r', 'a', 'h', 'c', '<']","['>', 'd', 'n', 'e', '_', 'd', 'i', '<', '>', 'r', 'e', 't', 'c', 'a', 'r', 'a', 'h', 'c', '<']","['>', 'd', 'n', 'e', '_', 'd', 'i', '<', '>', 'r', 'e', 't', 'c', 'a', 'r', 'a', 'h', 'c', '<']","['>', 'd', 'n', 'e', '_', 'd', 'i', '<', '>', 'r', 'e', 't', 'c', 'a', 'r', 'a', 'h', 'c', '<']","['>', 'd', 'n', 'e', '_', 'd', 'i', '<', '>', 'r', 'e', 't', 'c', 'a', 'r', 'a', 'h', 'c', '<']","['>', 'd', 'n', 'e', '_', 'd', 'i', '<', '>', 'r', 'e', 't', 'c', 'a', 'r', 'a', 'h', 'c', '<']","['>', 'd', 'n', 'e', '_', 'd', 'i', '<', '>', 'r', 'e', 't', 'c', 'a', 'r', 'a', 'h', 'c', '<']",,"['>', 'd', 'n', 'e', '_', 'd', 'i', '<', '>', 'r', 'e', 't', 'c', 'a', 'r', 'a', 'h', 'c', '<']",,,,,"['>', 'd', 'n', 'e', '_', 'd', 'i', '<', '>', 'r', 'e', 't', 'c', 'a', 'r', 'a', 'h', 'c', '<']","['>', 'd', 'n', 'e', '_', 'd', 'i', '<', '>', 'r', 'e', 't', 'c', 'a', 'r', 'a', 'h', 'c', '<']","['>', 'd', 'n', 'e', '_', 'd', 'i', '<', '>', 'r', 'e', 't', 'c', 'a', 'r', 'a', 'h', 'c', '<']",,"['>', 'd', 'n', 'e', '_', 'd', 'i', '<', '>', 'r', 'e', 't', 'c', 'a', 'r', 'a', 'h', 'c', '<']","['>', 'd', 'n', 'e', '_', 'd', 'i', '<', '>', 'r', 'e', 't', 'c', 'a', 'r', 'a', 'h', 'c', '<']","['>', 'd', 'n', 'e', '_', 'd', 'i', '<', '>', 'r', 'e', 't', 'c', 'a', 'r', 'a', 'h', 'c', '<']",,"['>', 'd', 'n', 'e', '_', 'd', 'i', '<', '>', 'r', 'e', 't', 'c', 'a', 'r', 'a', 'h', 'c', '<']","['>', 'd', 'n', 'e', '_', 'd', 'i', '<', '>', 'r', 'e', 't', 'c', 'a', 'r', 'a', 'h', 'c', '<']","['>', 'd', 'n', 'e', '_', 'd', 'i', '<', '>', 'r', 'e', 't', 'c', 'a', 'r', 'a', 'h', 'c', '<']","['>', 'd', 'n', 'e', '_', 'd', 'i', '<', '>', 'r', 'e', 't', 'c', 'a', 'r', 'a', 'h', 'c', '<']","['>', 'd', 'n', 'e', '_', 'd', 'i', '<', '>', 'r', 'e', 't', 'c', 'a', 'r', 'a', 'h', 'c', '<']","['>', 'd', 'n', 'e', '_', 'd', 'i', '<', '>', 'r', 'e', 't', 'c', 'a', 'r', 'a', 'h', 'c', '<']","['>', 'd', 'n', 'e', '_', 'd', 'i', '<', '>', 'r', 'e', 't', 'c', 'a', 'r', 'a', 'h', 'c', '<']","['>', 'd', 'n', 'e', '_', 'd', 'i', '<', '>', 'r', 'e', 't', 'c', 'a', 'r', 'a', 'h', 'c', '<']","['>', 'd', 'n', 'e', '_', 'd', 'i', '<', '>', 'r', 'e', 't', 'c', 'a', 'r', 'a', 'h', 'c', '<']","['>', 'd', 'n', 'e', '_', 'd', 'i', '<', '>', 'r', 'e', 't', 'c', 'a', 'r', 'a', 'h', 'c', '<']"
<assign>,,,"['>', 'd', 'n', 'e', '_', 'n', 'g', 'i', 's', 's', 'a', '<', ' ', '’', '=', '‘']",,"['>', 'd', 'n', 'e', '_', 'n', 'g', 'i', 's', 's', 'a', '<', ' ', '’', '=', '‘']","['>', 'd', 'n', 'e', '_', 'n', 'g', 'i', 's', 's', 'a', '<', ' ', '’', '=', '‘']","['>', 'd', 'n', 'e', '_', 'n', 'g', 'i', 's', 's', 'a', '<', ' ', '’', '=', '‘']","['>', 'd', 'n', 'e', '_', 'n', 'g', 'i', 's', 's', 'a', '<', ' ', '’', '=', '‘']","['>', 'd', 'n', 'e', '_', 'n', 'g', 'i', 's', 's', 'a', '<', ' ', '’', '=', '‘']","['>', 'd', 'n', 'e', '_', 'n', 'g', 'i', 's', 's', 'a', '<', ' ', '’', '=', '‘']","['>', 'd', 'n', 'e', '_', 'n', 'g', 'i', 's', 's', 'a', '<', ' ', '’', '=', '‘']","['>', 'd', 'n', 'e', '_', 'n', 'g', 'i', 's', 's', 'a', '<', ' ', '’', '=', '‘']","['>', 'd', 'n', 'e', '_', 'n', 'g', 'i', 's', 's', 'a', '<', ' ', '’', '=', '‘']","['>', 'd', 'n', 'e', '_', 'n', 'g', 'i', 's', 's', 'a', '<', ' ', '’', '=', '‘']",,"['>', 'd', 'n', 'e', '_', 'n', 'g', 'i', 's', 's', 'a', '<', ' ', '’', '=', '‘']","['>', 'd', 'n', 'e', '_', 'n', 'g', 'i', 's', 's', 'a', '<', ' ', '’', '=', '‘']",,"['>', 'd', 'n', 'e', '_', 'n', 'g', 'i', 's', 's', 'a', '<', ' ', '’', '=', '‘']",,"['>', 'd', 'n', 'e', '_', 'n', 'g', 'i', 's', 's', 'a', '<', ' ', '’', '=', '‘']","['>', 'd', 'n', 'e', '_', 'n', 'g', 'i', 's', 's', 'a', '<', ' ', '’', '=', '‘']","['>', 'd', 'n', 'e', '_', 'n', 'g', 'i', 's', 's', 'a', '<', ' ', '’', '=', '‘']",,"['>', 'd', 'n', 'e', '_', 'n', 'g', 'i', 's', 's', 'a', '<', ' ', '’', '=', '‘']",,,"['>', 'd', 'n', 'e', '_', 'n', 'g', 'i', 's', 's', 'a', '<', ' ', '’', '=', '‘']","['>', 'd', 'n', 'e', '_', 'n', 'g', 'i', 's', 's', 'a', '<', ' ', '’', '=', '‘']","['>', 'd', 'n', 'e', '_', 'n', 'g', 'i', 's', 's', 'a', '<', ' ', '’', '=', '‘']","['>', 'd', 'n', 'e', '_', 'n', 'g', 'i', 's', 's', 'a', '<', ' ', '’', '=', '‘']",,"['>', 'd', 'n', 'e', '_', 'n', 'g', 'i', 's', 's', 'a', '<', ' ', '’', '=', '‘']","['>', 'd', 'n', 'e', '_', 'n', 'g', 'i', 's', 's', 'a', '<', ' ', '’', '=', '‘']","['>', 'd', 'n', 'e', '_', 'n', 'g', 'i', 's', 's', 'a', '<', ' ', '’', '=', '‘']",,"['>', 'd', 'n', 'e', '_', 'n', 'g', 'i', 's', 's', 'a', '<', ' ', '’', '=', '‘']","['>', 'd', 'n', 'e', '_', 'n', 'g', 'i', 's', 's', 'a', '<', ' ', '’', '=', '‘']","['>', 'd', 'n', 'e', '_', 'n', 'g', 'i', 's', 's', 'a', '<', ' ', '’', '=', '‘']","['>', 'd', 'n', 'e', '_', 'n', 'g', 'i', 's', 's', 'a', '<', ' ', '’', '=', '‘']","['>', 'd', 'n', 'e', '_', 'n', 'g', 'i', 's', 's', 'a', '<', ' ', '’', '=', '‘']","['>', 'd', 'n', 'e', '_', 'n', 'g', 'i', 's', 's', 'a', '<', ' ', '’', '=', '‘']",,"['>', 'd', 'n', 'e', '_', 'n', 'g', 'i', 's', 's', 'a', '<', ' ', '’', '=', '‘']","['>', 'd', 'n', 'e', '_', 'n', 'g', 'i', 's', 's', 'a', '<', ' ', '’', '=', '‘']","['>', 'd', 'n', 'e', '_', 'n', 'g', 'i', 's', 's', 'a', '<', ' ', '’', '=', '‘']","['>', 'd', 'n', 'e', '_', 'n', 'g', 'i', 's', 's', 'a', '<', ' ', '’', '=', '‘']","['>', 'd', 'n', 'e', '_', 'n', 'g', 'i', 's', 's', 'a', '<', ' ', '’', '=', '‘']","['>', 'd', 'n', 'e', '_', 'n', 'g', 'i', 's', 's', 'a', '<', ' ', '’', '=', '‘']",,"['>', 'd', 'n', 'e', '_', 'n', 'g', 'i', 's', 's', 'a', '<', ' ', '’', '=', '‘']","['>', 'd', 'n', 'e', '_', 'n', 'g', 'i', 's', 's', 'a', '<', ' ', '’', '=', '‘']","['>', 'd', 'n', 'e', '_', 'n', 'g', 'i', 's', 's', 'a', '<', ' ', '’', '=', '‘']","['>', 'd', 'n', 'e', '_', 'n', 'g', 'i', 's', 's', 'a', '<', ' ', '’', '=', '‘']","['>', 'd', 'n', 'e', '_', 'n', 'g', 'i', 's', 's', 'a', '<', ' ', '’', '=', '‘']","['>', 'd', 'n', 'e', '_', 'n', 'g', 'i', 's', 's', 'a', '<', ' ', '’', '=', '‘']","['>', 'd', 'n', 'e', '_', 'n', 'g', 'i', 's', 's', 'a', '<', ' ', '’', '=', '‘']","['>', 'd', 'n', 'e', '_', 'n', 'g', 'i', 's', 's', 'a', '<', ' ', '’', '=', '‘']","['>', 'd', 'n', 'e', '_', 'n', 'g', 'i', 's', 's', 'a', '<', ' ', '’', '=', '‘']","['>', 'd', 'n', 'e', '_', 'n', 'g', 'i', 's', 's', 'a', '<', ' ', '’', '=', '‘']",,,,"['>', 'd', 'n', 'e', '_', 'n', 'g', 'i', 's', 's', 'a', '<', ' ', '’', '=', '‘']","['>', 'd', 'n', 'e', '_', 'n', 'g', 'i', 's', 's', 'a', '<', ' ', '’', '=', '‘']","['>', 'd', 'n', 'e', '_', 'n', 'g', 'i', 's', 's', 'a', '<', ' ', '’', '=', '‘']","['>', 'd', 'n', 'e', '_', 'n', 'g', 'i', 's', 's', 'a', '<', ' ', '’', '=', '‘']","['>', 'd', 'n', 'e', '_', 'n', 'g', 'i', 's', 's', 'a', '<', ' ', '’', '=', '‘']","['>', 'd', 'n', 'e', '_', 'n', 'g', 'i', 's', 's', 'a', '<', ' ', '’', '=', '‘']","['>', 'd', 'n', 'e', '_', 'n', 'g', 'i', 's', 's', 'a', '<', ' ', '’', '=', '‘']",,"['>', 'd', 'n', 'e', '_', 'n', 'g', 'i', 's', 's', 'a', '<', ' ', '’', '=', '‘']","['>', 'd', 'n', 'e', '_', 'n', 'g', 'i', 's', 's', 'a', '<', ' ', '’', '=', '‘']","['>', 'd', 'n', 'e', '_', 'n', 'g', 'i', 's', 's', 'a', '<', ' ', '’', '=', '‘']","['>', 'd', 'n', 'e', '_', 'n', 'g', 'i', 's', 's', 'a', '<', ' ', '’', '=', '‘']","['>', 'd', 'n', 'e', '_', 'n', 'g', 'i', 's', 's', 'a', '<', ' ', '’', '=', '‘']","['>', 'd', 'n', 'e', '_', 'n', 'g', 'i', 's', 's', 'a', '<', ' ', '’', '=', '‘']","['>', 'd', 'n', 'e', '_', 'n', 'g', 'i', 's', 's', 'a', '<', ' ', '’', '=', '‘']","['>', 'd', 'n', 'e', '_', 'n', 'g', 'i', 's', 's', 'a', '<', ' ', '’', '=', '‘']","['>', 'd', 'n', 'e', '_', 'n', 'g', 'i', 's', 's', 'a', '<', ' ', '’', '=', '‘']","['>', 'd', 'n', 'e', '_', 'n', 'g', 'i', 's', 's', 'a', '<', ' ', '’', '=', '‘']"
<assign_end>,,,"['>', 'r', 'e', 'b', 'm', 'u', 'n', '<']",,"['>', 'r', 'e', 'b', 'm', 'u', 'n', '<']","['>', 'r', 'e', 'b', 'm', 'u', 'n', '<']","['>', 'r', 'e', 'b', 'm', 'u', 'n', '<']","['>', 'r', 'e', 'b', 'm', 'u', 'n', '<']","['>', 'r', 'e', 'b', 'm', 'u', 'n', '<']","['>', 'r', 'e', 'b', 'm', 'u', 'n', '<']","['>', 'r', 'e', 'b', 'm', 'u', 'n', '<']","['>', 'r', 'e', 'b', 'm', 'u', 'n', '<']","['>', 'r', 'e', 'b', 'm', 'u', 'n', '<']","['>', 'r', 'e', 'b', 'm', 'u', 'n', '<']",,"['>', 'r', 'e', 'b', 'm', 'u', 'n', '<']","['>', 'r', 'e', 'b', 'm', 'u', 'n', '<']",,"['>', 'r', 'e', 'b', 'm', 'u', 'n', '<']",,"['>', 'r', 'e', 'b', 'm', 'u', 'n', '<']","['>', 'r', 'e', 'b', 'm', 'u', 'n', '<']","['>', 'r', 'e', 'b', 'm', 'u', 'n', '<']",,"['>', 'r', 'e', 'b', 'm', 'u', 'n', '<']",,,"['>', 'r', 'e', 'b', 'm', 'u', 'n', '<']","['>', 'r', 'e', 'b', 'm', 'u', 'n', '<']","['>', 'r', 'e', 'b', 'm', 'u', 'n', '<']","['>', 'r', 'e', 'b', 'm', 'u', 'n', '<']",,"['>', 'r', 'e', 'b', 'm', 'u', 'n', '<']","['>', 'r', 'e', 'b', 'm', 'u', 'n', '<']","['>', 'r', 'e', 'b', 'm', 'u', 'n', '<']",,"['>', 'r', 'e', 'b', 'm', 'u', 'n', '<']","['>', 'r', 'e', 'b', 'm', 'u', 'n', '<']","['>', 'r', 'e', 'b', 'm', 'u', 'n', '<']",,"['>', 'r', 'e', 'b', 'm', 'u', 'n', '<']","['>', 'r', 'e', 'b', 'm', 'u', 'n', '<']",,"['>', 'r', 'e', 'b', 'm', 'u', 'n', '<']","['>', 'r', 'e', 'b', 'm', 'u', 'n', '<']","['>', 'r', 'e', 'b', 'm', 'u', 'n', '<']","['>', 'r', 'e', 'b', 'm', 'u', 'n', '<']","['>', 'r', 'e', 'b', 'm', 'u', 'n', '<']","['>', 'r', 'e', 'b', 'm', 'u', 'n', '<']",,"['>', 'r', 'e', 'b', 'm', 'u', 'n', '<']","['>', 'r', 'e', 'b', 'm', 'u', 'n', '<']","['>', 'r', 'e', 'b', 'm', 'u', 'n', '<']","['>', 'r', 'e', 'b', 'm', 'u', 'n', '<']","['>', 'r', 'e', 'b', 'm', 'u', 'n', '<']","['>', 'r', 'e', 'b', 'm', 'u', 'n', '<']","['>', 'r', 'e', 'b', 'm', 'u', 'n', '<']","['>', 'r', 'e', 'b', 'm', 'u', 'n', '<']","['>', 'r', 'e', 'b', 'm', 'u', 'n', '<']","['>', 'r', 'e', 'b', 'm', 'u', 'n', '<']",,,,"['>', 'r', 'e', 'b', 'm', 'u', 'n', '<']","['>', 'r', 'e', 'b', 'm', 'u', 'n', '<']","['>', 'r', 'e', 'b', 'm', 'u', 'n', '<']","['>', 'r', 'e', 'b', 'm', 'u', 'n', '<']","['>', 'r', 'e', 'b', 'm', 'u', 'n', '<']","['>', 'r', 'e', 'b', 'm', 'u', 'n', '<']","['>', 'r', 'e', 'b', 'm', 'u', 'n', '<']",,"['>', 'r', 'e', 'b', 'm', 'u', 'n', '<']","['>', 'r', 'e', 'b', 'm', 'u', 'n', '<']","['>', 'r', 'e', 'b', 'm', 'u', 'n', '<']","['>', 'r', 'e', 'b', 'm', 'u', 'n', '<']","['>', 'r', 'e', 'b', 'm', 'u', 'n', '<']","['>', 'r', 'e', 'b', 'm', 'u', 'n', '<']","['>', 'r', 'e', 'b', 'm', 'u', 'n', '<']","['>', 'r', 'e', 'b', 'm', 'u', 'n', '<']","['>', 'r', 'e', 'b', 'm', 'u', 'n', '<']",
<number>,,,,,,,,,"['>', 'd', 'n', 'e', '_', 'r', 'e', 'b', 'm', 'u', 'n', '<', '>', 't', 'i', 'g', 'i', 'd', '<']",,"['>', 'd', 'n', 'e', '_', 'r', 'e', 'b', 'm', 'u', 'n', '<', '>', 't', 'i', 'g', 'i', 'd', '<']","['>', 'd', 'n', 'e', '_', 'r', 'e', 'b', 'm', 'u', 'n', '<', '>', 't', 'i', 'g', 'i', 'd', '<']",,,,,,,,,,,,,,,,"['>', 'd', 'n', 'e', '_', 'r', 'e', 'b', 'm', 'u', 'n', '<', '>', 't', 'i', 'g', 'i', 'd', '<']","['>', 'd', 'n', 'e', '_', 'r', 'e', 'b', 'm', 'u', 'n', '<', '>', 't', 'i', 'g', 'i', 'd', '<']",,"['>', 'd', 'n', 'e', '_', 'r', 'e', 'b', 'm', 'u', 'n', '<', '>', 't', 'i', 'g', 'i', 'd', '<']",,,,,,,,,,,,,,,,,,,,,,,,,,,"['>', 'd', 'n', 'e', '_', 'r', 'e', 'b', 'm', 'u', 'n', '<', '>', 't', 'i', 'g', 'i', 'd', '<']",,"['>', 'd', 'n', 'e', '_', 'r', 'e', 'b', 'm', 'u', 'n', '<', '>', 't', 'i', 'g', 'i', 'd', '<']",,,,,,,"['>', 'd', 'n', 'e', '_', 'r', 'e', 'b', 'm', 'u', 'n', '<', '>', 't', 'i', 'g', 'i', 'd', '<']",,,,,,,,,,,,,,
<digit>,,,,,,,,,"['’', '9', '‘']",,"['’', '9', '‘']","['’', '9', '‘']",,,,,,,,,,,,,,,,"['’', '9', '‘']","['’', '9', '‘']",,"['’', '9', '‘']",,,,,,,,,,,,,,,,,,,,,,,,,,,"['’', '9', '‘']",,"['’', '9', '‘']",,,,,,,"['’', '9', '‘']",,,,,,,,,,,,,,
<number_end>,,,,,,,,,"['>', 'd', 'n', 'e', '_', 'r', 'e', 'b', 'm', 'u', 'n', '<', '>', 't', 'i', 'g', 'i', 'd', '<']",,"['>', 'd', 'n', 'e', '_', 'r', 'e', 'b', 'm', 'u', 'n', '<', '>', 't', 'i', 'g', 'i', 'd', '<']","['>', 'd', 'n', 'e', '_', 'r', 'e', 'b', 'm', 'u', 'n', '<', '>', 't', 'i', 'g', 'i', 'd', '<']",,,,,,,,,,,,,,,,"['>', 'd', 'n', 'e', '_', 'r', 'e', 'b', 'm', 'u', 'n', '<', '>', 't', 'i', 'g', 'i', 'd', '<']","['>', 'd', 'n', 'e', '_', 'r', 'e', 'b', 'm', 'u', 'n', '<', '>', 't', 'i', 'g', 'i', 'd', '<']",,"['>', 'd', 'n', 'e', '_', 'r', 'e', 'b', 'm', 'u', 'n', '<', '>', 't', 'i', 'g', 'i', 'd', '<']",,,,,,,,,,,,,,,,,,,,,,,,,,,"['>', 'd', 'n', 'e', '_', 'r', 'e', 'b', 'm', 'u', 'n', '<', '>', 't', 'i', 'g', 'i', 'd', '<']",,"['>', 'd', 'n', 'e', '_', 'r', 'e', 'b', 'm', 'u', 'n', '<', '>', 't', 'i', 'g', 'i', 'd', '<']",,,,,,,"['>', 'd', 'n', 'e', '_', 'r', 'e', 'b', 'm', 'u', 'n', '<', '>', 't', 'i', 'g', 'i', 'd', '<']",,,,,,,,,,,,,,"['>', 'd', 'n', 'e', '_', 'r', 'e', 'b', 'm', 'u', 'n', '<', '>', 't', 'i', 'g', 'i', 'd', '<']"
<for>,,,,,,,,,,,,,,,,,,,,,,,,,,,,,,,,,,,,,,,,,,,,,,,,,,,,,,,,,,,,,,,,,,,,,,,"['’', ')', '‘', ' ', '’', ';', '‘', ' ', '>', 'n', 'o', 'i', 's', 's', 'e', 'r', 'p', 'x', 'e', '_', 'l', 'o', 'o', 'b', '<', ' ', '’', ';', '‘', ' ', '>', 'n', 'o', 'i', 't', 'a', 'r', 'a', 'l', 'c', 'e', 'd', '<', ' ', '’', '(', '‘', ' ', '’', 'r', 'o', 'f', '‘']",,,,,,,,,,
<bool_expression>,,,"['>', 'r', 'e', 'i', 'f', 'i', 't', 'n', 'e', 'd', 'i', '<', ' ', ' ', ' ', ' ', '>', 'p', 'o', 'l', 'e', 'r', '<', ' ', ' ', ' ', ' ', ' ', ' ', '>', 'r', 'e', 'b', 'm', 'u', 'n', '<']",,"['>', 'r', 'e', 'i', 'f', 'i', 't', 'n', 'e', 'd', 'i', '<', ' ', ' ', ' ', ' ', '>', 'p', 'o', 'l', 'e', 'r', '<', ' ', ' ', ' ', ' ', ' ', ' ', '>', 'r', 'e', 'b', 'm', 'u', 'n', '<']","['>', 'r', 'e', 'i', 'f', 'i', 't', 'n', 'e', 'd', 'i', '<', ' ', ' ', ' ', ' ', '>', 'p', 'o', 'l', 'e', 'r', '<', ' ', ' ', ' ', ' ', ' ', ' ', '>', 'r', 'e', 'b', 'm', 'u', 'n', '<']","['>', 'r', 'e', 'i', 'f', 'i', 't', 'n', 'e', 'd', 'i', '<', ' ', ' ', ' ', ' ', '>', 'p', 'o', 'l', 'e', 'r', '<', ' ', ' ', ' ', ' ', ' ', ' ', '>', 'r', 'e', 'b', 'm', 'u', 'n', '<']","['>', 'r', 'e', 'i', 'f', 'i', 't', 'n', 'e', 'd', 'i', '<', ' ', ' ', ' ', ' ', '>', 'p', 'o', 'l', 'e', 'r', '<', ' ', ' ', ' ', ' ', ' ', ' ', '>', 'r', 'e', 'b', 'm', 'u', 'n', '<']","['>', 'r', 'e', 'i', 'f', 'i', 't', 'n', 'e', 'd', 'i', '<', ' ', ' ', ' ', ' ', '>', 'p', 'o', 'l', 'e', 'r', '<', ' ', ' ', ' ', ' ', ' ', ' ', '>', 'r', 'e', 'b', 'm', 'u', 'n', '<']","['>', 'r', 'e', 'i', 'f', 'i', 't', 'n', 'e', 'd', 'i', '<', ' ', ' ', ' ', ' ', '>', 'p', 'o', 'l', 'e', 'r', '<', ' ', ' ', ' ', ' ', ' ', ' ', '>', 'r', 'e', 'b', 'm', 'u', 'n', '<']","['>', 'r', 'e', 'i', 'f', 'i', 't', 'n', 'e', 'd', 'i', '<', ' ', ' ', ' ', ' ', '>', 'p', 'o', 'l', 'e', 'r', '<', ' ', ' ', ' ', ' ', ' ', ' ', '>', 'r', 'e', 'b', 'm', 'u', 'n', '<']","['>', 'r', 'e', 'i', 'f', 'i', 't', 'n', 'e', 'd', 'i', '<', ' ', ' ', ' ', ' ', '>', 'p', 'o', 'l', 'e', 'r', '<', ' ', ' ', ' ', ' ', ' ', ' ', '>', 'r', 'e', 'b', 'm', 'u', 'n', '<']","['>', 'r', 'e', 'i', 'f', 'i', 't', 'n', 'e', 'd', 'i', '<', ' ', ' ', ' ', ' ', '>', 'p', 'o', 'l', 'e', 'r', '<', ' ', ' ', ' ', ' ', ' ', ' ', '>', 'r', 'e', 'b', 'm', 'u', 'n', '<']","['>', 'r', 'e', 'i', 'f', 'i', 't', 'n', 'e', 'd', 'i', '<', ' ', ' ', ' ', ' ', '>', 'p', 'o', 'l', 'e', 'r', '<', ' ', ' ', ' ', ' ', ' ', ' ', '>', 'r', 'e', 'b', 'm', 'u', 'n', '<']",,"['>', 'r', 'e', 'i', 'f', 'i', 't', 'n', 'e', 'd', 'i', '<', ' ', ' ', ' ', ' ', '>', 'p', 'o', 'l', 'e', 'r', '<', ' ', ' ', ' ', ' ', ' ', ' ', '>', 'r', 'e', 'b', 'm', 'u', 'n', '<']","['>', 'r', 'e', 'i', 'f', 'i', 't', 'n', 'e', 'd', 'i', '<', ' ', ' ', ' ', ' ', '>', 'p', 'o', 'l', 'e', 'r', '<', ' ', ' ', ' ', ' ', ' ', ' ', '>', 'r', 'e', 'b', 'm', 'u', 'n', '<']",,"['>', 'r', 'e', 'i', 'f', 'i', 't', 'n', 'e', 'd', 'i', '<', ' ', ' ', ' ', ' ', '>', 'p', 'o', 'l', 'e', 'r', '<', ' ', ' ', ' ', ' ', ' ', ' ', '>', 'r', 'e', 'b', 'm', 'u', 'n', '<']",,"['>', 'r', 'e', 'i', 'f', 'i', 't', 'n', 'e', 'd', 'i', '<', ' ', ' ', ' ', ' ', '>', 'p', 'o', 'l', 'e', 'r', '<', ' ', ' ', ' ', ' ', ' ', ' ', '>', 'r', 'e', 'b', 'm', 'u', 'n', '<']","['>', 'r', 'e', 'i', 'f', 'i', 't', 'n', 'e', 'd', 'i', '<', ' ', ' ', ' ', ' ', '>', 'p', 'o', 'l', 'e', 'r', '<', ' ', ' ', ' ', ' ', ' ', ' ', '>', 'r', 'e', 'b', 'm', 'u', 'n', '<']","['>', 'r', 'e', 'i', 'f', 'i', 't', 'n', 'e', 'd', 'i', '<', ' ', ' ', ' ', ' ', '>', 'p', 'o', 'l', 'e', 'r', '<', ' ', ' ', ' ', ' ', ' ', ' ', '>', 'r', 'e', 'b', 'm', 'u', 'n', '<']",,"['>', 'r', 'e', 'i', 'f', 'i', 't', 'n', 'e', 'd', 'i', '<', ' ', ' ', ' ', ' ', '>', 'p', 'o', 'l', 'e', 'r', '<', ' ', ' ', ' ', ' ', ' ', ' ', '>', 'r', 'e', 'b', 'm', 'u', 'n', '<']",,,"['>', 'r', 'e', 'i', 'f', 'i', 't', 'n', 'e', 'd', 'i', '<', ' ', ' ', ' ', ' ', '>', 'p', 'o', 'l', 'e', 'r', '<', ' ', ' ', ' ', ' ', ' ', ' ', '>', 'r', 'e', 'b', 'm', 'u', 'n', '<']","['>', 'r', 'e', 'i', 'f', 'i', 't', 'n', 'e', 'd', 'i', '<', ' ', ' ', ' ', ' ', '>', 'p', 'o', 'l', 'e', 'r', '<', ' ', ' ', ' ', ' ', ' ', ' ', '>', 'r', 'e', 'b', 'm', 'u', 'n', '<']","['>', 'r', 'e', 'i', 'f', 'i', 't', 'n', 'e', 'd', 'i', '<', ' ', ' ', ' ', ' ', '>', 'p', 'o', 'l', 'e', 'r', '<', ' ', ' ', ' ', ' ', ' ', ' ', '>', 'r', 'e', 'b', 'm', 'u', 'n', '<']","['>', 'r', 'e', 'i', 'f', 'i', 't', 'n', 'e', 'd', 'i', '<', ' ', ' ', ' ', ' ', '>', 'p', 'o', 'l', 'e', 'r', '<', ' ', ' ', ' ', ' ', ' ', ' ', '>', 'r', 'e', 'b', 'm', 'u', 'n', '<']",,"['>', 'r', 'e', 'i', 'f', 'i', 't', 'n', 'e', 'd', 'i', '<', ' ', ' ', ' ', ' ', '>', 'p', 'o', 'l', 'e', 'r', '<', ' ', ' ', ' ', ' ', ' ', ' ', '>', 'r', 'e', 'b', 'm', 'u', 'n', '<']","['>', 'r', 'e', 'i', 'f', 'i', 't', 'n', 'e', 'd', 'i', '<', ' ', ' ', ' ', ' ', '>', 'p', 'o', 'l', 'e', 'r', '<', ' ', ' ', ' ', ' ', ' ', ' ', '>', 'r', 'e', 'b', 'm', 'u', 'n', '<']","['>', 'r', 'e', 'i', 'f', 'i', 't', 'n', 'e', 'd', 'i', '<', ' ', ' ', ' ', ' ', '>', 'p', 'o', 'l', 'e', 'r', '<', ' ', ' ', ' ', ' ', ' ', ' ', '>', 'r', 'e', 'b', 'm', 'u', 'n', '<']",,"['>', 'r', 'e', 'i', 'f', 'i', 't', 'n', 'e', 'd', 'i', '<', ' ', ' ', ' ', ' ', '>', 'p', 'o', 'l', 'e', 'r', '<', ' ', ' ', ' ', ' ', ' ', ' ', '>', 'r', 'e', 'b', 'm', 'u', 'n', '<']","['>', 'r', 'e', 'i', 'f', 'i', 't', 'n', 'e', 'd', 'i', '<', ' ', ' ', ' ', ' ', '>', 'p', 'o', 'l', 'e', 'r', '<', ' ', ' ', ' ', ' ', ' ', ' ', '>', 'r', 'e', 'b', 'm', 'u', 'n', '<']","['>', 'r', 'e', 'i', 'f', 'i', 't', 'n', 'e', 'd', 'i', '<', ' ', ' ', ' ', ' ', '>', 'p', 'o', 'l', 'e', 'r', '<', ' ', ' ', ' ', ' ', ' ', ' ', '>', 'r', 'e', 'b', 'm', 'u', 'n', '<']",,"['>', 'r', 'e', 'i', 'f', 'i', 't', 'n', 'e', 'd', 'i', '<', ' ', ' ', ' ', ' ', '>', 'p', 'o', 'l', 'e', 'r', '<', ' ', ' ', ' ', ' ', ' ', ' ', '>', 'r', 'e', 'b', 'm', 'u', 'n', '<']","['>', 'r', 'e', 'i', 'f', 'i', 't', 'n', 'e', 'd', 'i', '<', ' ', ' ', ' ', ' ', '>', 'p', 'o', 'l', 'e', 'r', '<', ' ', ' ', ' ', ' ', ' ', ' ', '>', 'r', 'e', 'b', 'm', 'u', 'n', '<']",,"['>', 'r', 'e', 'i', 'f', 'i', 't', 'n', 'e', 'd', 'i', '<', ' ', ' ', ' ', ' ', '>', 'p', 'o', 'l', 'e', 'r', '<', ' ', ' ', ' ', ' ', ' ', ' ', '>', 'r', 'e', 'b', 'm', 'u', 'n', '<']","['>', 'r', 'e', 'i', 'f', 'i', 't', 'n', 'e', 'd', 'i', '<', ' ', ' ', ' ', ' ', '>', 'p', 'o', 'l', 'e', 'r', '<', ' ', ' ', ' ', ' ', ' ', ' ', '>', 'r', 'e', 'b', 'm', 'u', 'n', '<']","['>', 'r', 'e', 'i', 'f', 'i', 't', 'n', 'e', 'd', 'i', '<', ' ', ' ', ' ', ' ', '>', 'p', 'o', 'l', 'e', 'r', '<', ' ', ' ', ' ', ' ', ' ', ' ', '>', 'r', 'e', 'b', 'm', 'u', 'n', '<']","['>', 'r', 'e', 'i', 'f', 'i', 't', 'n', 'e', 'd', 'i', '<', ' ', ' ', ' ', ' ', '>', 'p', 'o', 'l', 'e', 'r', '<', ' ', ' ', ' ', ' ', ' ', ' ', '>', 'r', 'e', 'b', 'm', 'u', 'n', '<']","['>', 'r', 'e', 'i', 'f', 'i', 't', 'n', 'e', 'd', 'i', '<', ' ', ' ', ' ', ' ', '>', 'p', 'o', 'l', 'e', 'r', '<', ' ', ' ', ' ', ' ', ' ', ' ', '>', 'r', 'e', 'b', 'm', 'u', 'n', '<']","['>', 'r', 'e', 'i', 'f', 'i', 't', 'n', 'e', 'd', 'i', '<', ' ', ' ', ' ', ' ', '>', 'p', 'o', 'l', 'e', 'r', '<', ' ', ' ', ' ', ' ', ' ', ' ', '>', 'r', 'e', 'b', 'm', 'u', 'n', '<']",,"['>', 'r', 'e', 'i', 'f', 'i', 't', 'n', 'e', 'd', 'i', '<', ' ', ' ', ' ', ' ', '>', 'p', 'o', 'l', 'e', 'r', '<', ' ', ' ', ' ', ' ', ' ', ' ', '>', 'r', 'e', 'b', 'm', 'u', 'n', '<']","['>', 'r', 'e', 'i', 'f', 'i', 't', 'n', 'e', 'd', 'i', '<', ' ', ' ', ' ', ' ', '>', 'p', 'o', 'l', 'e', 'r', '<', ' ', ' ', ' ', ' ', ' ', ' ', '>', 'r', 'e', 'b', 'm', 'u', 'n', '<']","['>', 'r', 'e', 'i', 'f', 'i', 't', 'n', 'e', 'd', 'i', '<', ' ', ' ', ' ', ' ', '>', 'p', 'o', 'l', 'e', 'r', '<', ' ', ' ', ' ', ' ', ' ', ' ', '>', 'r', 'e', 'b', 'm', 'u', 'n', '<']","['>', 'r', 'e', 'i', 'f', 'i', 't', 'n', 'e', 'd', 'i', '<', ' ', ' ', ' ', ' ', '>', 'p', 'o', 'l', 'e', 'r', '<', ' ', ' ', ' ', ' ', ' ', ' ', '>', 'r', 'e', 'b', 'm', 'u', 'n', '<']","['>', 'r', 'e', 'i', 'f', 'i', 't', 'n', 'e', 'd', 'i', '<', ' ', ' ', ' ', ' ', '>', 'p', 'o', 'l', 'e', 'r', '<', ' ', ' ', ' ', ' ', ' ', ' ', '>', 'r', 'e', 'b', 'm', 'u', 'n', '<']","['>', 'r', 'e', 'i', 'f', 'i', 't', 'n', 'e', 'd', 'i', '<', ' ', ' ', ' ', ' ', '>', 'p', 'o', 'l', 'e', 'r', '<', ' ', ' ', ' ', ' ', ' ', ' ', '>', 'r', 'e', 'b', 'm', 'u', 'n', '<']","['>', 'r', 'e', 'i', 'f', 'i', 't', 'n', 'e', 'd', 'i', '<', ' ', ' ', ' ', ' ', '>', 'p', 'o', 'l', 'e', 'r', '<', ' ', ' ', ' ', ' ', ' ', ' ', '>', 'r', 'e', 'b', 'm', 'u', 'n', '<']","['>', 'r', 'e', 'i', 'f', 'i', 't', 'n', 'e', 'd', 'i', '<', ' ', ' ', ' ', ' ', '>', 'p', 'o', 'l', 'e', 'r', '<', ' ', ' ', ' ', ' ', ' ', ' ', '>', 'r', 'e', 'b', 'm', 'u', 'n', '<']","['>', 'r', 'e', 'i', 'f', 'i', 't', 'n', 'e', 'd', 'i', '<', ' ', ' ', ' ', ' ', '>', 'p', 'o', 'l', 'e', 'r', '<', ' ', ' ', ' ', ' ', ' ', ' ', '>', 'r', 'e', 'b', 'm', 'u', 'n', '<']","['>', 'r', 'e', 'i', 'f', 'i', 't', 'n', 'e', 'd', 'i', '<', ' ', ' ', ' ', ' ', '>', 'p', 'o', 'l', 'e', 'r', '<', ' ', ' ', ' ', ' ', ' ', ' ', '>', 'r', 'e', 'b', 'm', 'u', 'n', '<']",,,,"['>', 'r', 'e', 'i', 'f', 'i', 't', 'n', 'e', 'd', 'i', '<', ' ', ' ', ' ', ' ', '>', 'p', 'o', 'l', 'e', 'r', '<', ' ', ' ', ' ', ' ', ' ', ' ', '>', 'r', 'e', 'b', 'm', 'u', 'n', '<']","['>', 'r', 'e', 'i', 'f', 'i', 't', 'n', 'e', 'd', 'i', '<', ' ', ' ', ' ', ' ', '>', 'p', 'o', 'l', 'e', 'r', '<', ' ', ' ', ' ', ' ', ' ', ' ', '>', 'r', 'e', 'b', 'm', 'u', 'n', '<']","['>', 'r', 'e', 'i', 'f', 'i', 't', 'n', 'e', 'd', 'i', '<', ' ', ' ', ' ', ' ', '>', 'p', 'o', 'l', 'e', 'r', '<', ' ', ' ', ' ', ' ', ' ', ' ', '>', 'r', 'e', 'b', 'm', 'u', 'n', '<']","['>', 'r', 'e', 'i', 'f', 'i', 't', 'n', 'e', 'd', 'i', '<', ' ', ' ', ' ', ' ', '>', 'p', 'o', 'l', 'e', 'r', '<', ' ', ' ', ' ', ' ', ' ', ' ', '>', 'r', 'e', 'b', 'm', 'u', 'n', '<']","['>', 'r', 'e', 'i', 'f', 'i', 't', 'n', 'e', 'd', 'i', '<', ' ', ' ', ' ', ' ', '>', 'p', 'o', 'l', 'e', 'r', '<', ' ', ' ', ' ', ' ', ' ', ' ', '>', 'r', 'e', 'b', 'm', 'u', 'n', '<']","['>', 'r', 'e', 'i', 'f', 'i', 't', 'n', 'e', 'd', 'i', '<', ' ', ' ', ' ', ' ', '>', 'p', 'o', 'l', 'e', 'r', '<', ' ', ' ', ' ', ' ', ' ', ' ', '>', 'r', 'e', 'b', 'm', 'u', 'n', '<']","['>', 'r', 'e', 'i', 'f', 'i', 't', 'n', 'e', 'd', 'i', '<', ' ', ' ', ' ', ' ', '>', 'p', 'o', 'l', 'e', 'r', '<', ' ', ' ', ' ', ' ', ' ', ' ', '>', 'r', 'e', 'b', 'm', 'u', 'n', '<']",,"['>', 'r', 'e', 'i', 'f', 'i', 't', 'n', 'e', 'd', 'i', '<', ' ', ' ', ' ', ' ', '>', 'p', 'o', 'l', 'e', 'r', '<', ' ', ' ', ' ', ' ', ' ', ' ', '>', 'r', 'e', 'b', 'm', 'u', 'n', '<']","['>', 'r', 'e', 'i', 'f', 'i', 't', 'n', 'e', 'd', 'i', '<', ' ', ' ', ' ', ' ', '>', 'p', 'o', 'l', 'e', 'r', '<', ' ', ' ', ' ', ' ', ' ', ' ', '>', 'r', 'e', 'b', 'm', 'u', 'n', '<']","['>', 'r', 'e', 'i', 'f', 'i', 't', 'n', 'e', 'd', 'i', '<', ' ', ' ', ' ', ' ', '>', 'p', 'o', 'l', 'e', 'r', '<', ' ', ' ', ' ', ' ', ' ', ' ', '>', 'r', 'e', 'b', 'm', 'u', 'n', '<']","['>', 'r', 'e', 'i', 'f', 'i', 't', 'n', 'e', 'd', 'i', '<', ' ', ' ', ' ', ' ', '>', 'p', 'o', 'l', 'e', 'r', '<', ' ', ' ', ' ', ' ', ' ', ' ', '>', 'r', 'e', 'b', 'm', 'u', 'n', '<']","['>', 'r', 'e', 'i', 'f', 'i', 't', 'n', 'e', 'd', 'i', '<', ' ', ' ', ' ', ' ', '>', 'p', 'o', 'l', 'e', 'r', '<', ' ', ' ', ' ', ' ', ' ', ' ', '>', 'r', 'e', 'b', 'm', 'u', 'n', '<']","['>', 'r', 'e', 'i', 'f', 'i', 't', 'n', 'e', 'd', 'i', '<', ' ', ' ', ' ', ' ', '>', 'p', 'o', 'l', 'e', 'r', '<', ' ', ' ', ' ', ' ', ' ', ' ', '>', 'r', 'e', 'b', 'm', 'u', 'n', '<']","['>', 'r', 'e', 'i', 'f', 'i', 't', 'n', 'e', 'd', 'i', '<', ' ', ' ', ' ', ' ', '>', 'p', 'o', 'l', 'e', 'r', '<', ' ', ' ', ' ', ' ', ' ', ' ', '>', 'r', 'e', 'b', 'm', 'u', 'n', '<']","['>', 'r', 'e', 'i', 'f', 'i', 't', 'n', 'e', 'd', 'i', '<', ' ', ' ', ' ', ' ', '>', 'p', 'o', 'l', 'e', 'r', '<', ' ', ' ', ' ', ' ', ' ', ' ', '>', 'r', 'e', 'b', 'm', 'u', 'n', '<']","['>', 'r', 'e', 'i', 'f', 'i', 't', 'n', 'e', 'd', 'i', '<', ' ', ' ', ' ', ' ', '>', 'p', 'o', 'l', 'e', 'r', '<', ' ', ' ', ' ', ' ', ' ', ' ', '>', 'r', 'e', 'b', 'm', 'u', 'n', '<']",
<relop>,,"['’', '=', '!', '‘']",,"['’', '=', '!', '‘']",,,,,,,,,,,"['’', '=', '!', '‘']",,,"['’', '=', '!', '‘']",,,,,,,,,,,,,,,,,,,,,,,,,,,,,,,,,,,,,,,,,,,,,,,,,,,,,,,,,,,,,,,
<if>,,,,,,,,,,,,,,,,,,,,,,,,,,"['’', ')', '‘', ' ', '>', 'n', 'o', 'i', 's', 's', 'e', 'r', 'p', 'x', 'e', '_', 'l', 'o', 'o', 'b', '<', ' ', '’', '(', '‘', ' ', '’', 'f', 'i', '‘']",,,,,,,,,,,,,,,,,,,,,,,,,,,,,,,,,,,,,,,,,,,,,,,,,,,,,,,
<return>,,,,,,,,,,,,,,,,,,,,,,,,,,,,,,,,"['’', ';', '‘', ' ', '>', 'r', 'e', 'b', 'm', 'u', 'n', '<', ' ', '’', 'n', 'r', 'u', 't', 'e', 'r', '‘']",,,,,,,,,,,,,,,,,,,,,,,,,,,,,,,,,,,,,,,,,,,,,,,,,
